[
  {
    "musicGenre": "Rock",
    "songTitle": "Bohemian Rhapsody",
    "artist": "Queen"
  },
  {
    "musicGenre": "Pop",
    "songTitle": "Billie Jean",
    "artist": "Michael Jackson"
  },
  {
    "musicGenre": "Hip Hop",
    "songTitle": "Lose Yourself",
    "artist": "Eminem"
  },
  {
    "musicGenre": "Classical",
    "songTitle": "Canon in D",
    "artist": "Johann Pachelbel"
  },
  {
    "musicGenre": "Jazz",
    "songTitle": "Take Five",
    "artist": "Dave Brubeck Quartet"
  },
  {
    "musicGenre": "Electronic",
    "songTitle": "Strobe",
    "artist": "deadmau5"
  },
  {
    "musicGenre": "Country",
    "songTitle": "Jolene",
    "artist": "Dolly Parton"
  },
  {
    "musicGenre": "Blues",
    "songTitle": "The Thrill is Gone",
    "artist": "B.B. King"
  },
  {
    "musicGenre": "Reggae",
    "songTitle": "No Woman, No Cry",
    "artist": "Bob Marley"
  },
  {
    "musicGenre": "Metal",
    "songTitle": "Master of Puppets",
    "artist": "Metallica"
  },
  {
    "musicGenre": "Folk",
    "songTitle": "The Times They Are a-Changin'",
    "artist": "Bob Dylan"
  },
  {
    "musicGenre": "Soul",
    "songTitle": "Respect",
    "artist": "Aretha Franklin"
  },
  {
    "musicGenre": "R&B",
    "songTitle": "Love On Top",
    "artist": "Beyoncé"
  },
  {
    "musicGenre": "Indie",
    "songTitle": "Skinny Love",
    "artist": "Bon Iver"
  },
  {
    "musicGenre": "Alternative",
    "songTitle": "Smells Like Teen Spirit",
    "artist": "Nirvana"
  },
  {
    "musicGenre": "Punk",
    "songTitle": "London Calling",
    "artist": "The Clash"
  },
  {
    "musicGenre": "New Wave",
    "songTitle": "Just Like Heaven",
    "artist": "The Cure"
  },
  {
    "musicGenre": "Heavy Metal",
    "songTitle": "Paranoid",
    "artist": "Black Sabbath"
  },
  {
    "musicGenre": "Disco",
    "songTitle": "Stayin' Alive",
    "artist": "Bee Gees"
  },
  {
    "musicGenre": "Opera",
    "songTitle": "Nessun Dorma",
    "artist": "Luciano Pavarotti"
  }
]
